
INSERT INTO Creador (nombre_creador, biografia, link_compartir, link_imagen) VALUES
('Carlos Peguer', 'Carlos Peguer es co-presentador del pódcast español "La Pija y la Quinqui", que ha ganado popularidad entre la generación Z y los millennials.', 'https://example.com/share/carlospeguer', 'https://res.cloudinary.com/djsm3jfht/image/upload/v1740765428/carlos-peguer-img_ftskv0.jpg'),
('Mariang Maturana', 'Mariang Maturana es co-presentadora del pódcast "La Pija y la Quinqui", conocido por sus entrevistas a diversas personalidades.', 'https://example.com/share/mariangmaturana', 'https://res.cloudinary.com/djsm3jfht/image/upload/v1740765428/mariang-img_plzhnd.jpg'),
('Jordi Wild', 'Jordi Wild es un creador de contenido español, conocido por su canal de YouTube "El Rincón de Giorgio" y su pódcast "The Wild Project".', 'https://example.com/share/jordiwild', 'https://res.cloudinary.com/djsm3jfht/image/upload/v1740765428/jordi-wild-img_n8qkho.jpg'),
('Cruz Cafuné', 'Carlos Bruñas Zamorín, conocido artísticamente como Cruz Cafuné, es un rapero español originario de Tenerife, Canarias. Ha destacado en la escena musical por su estilo único y ha colaborado en éxitos como "Contando lunares".', 'https://example.com/share/cruzcafune', 'https://res.cloudinary.com/djsm3jfht/image/upload/v1740765429/cruz-cafune-img_kykhvz.jpg'),
('Bad Bunny', 'Benito Antonio Martínez Ocasio, conocido como Bad Bunny, es un cantante y compositor puertorriqueño que ha revolucionado la música urbana con su estilo innovador y su fusión de géneros.', 'https://example.com/share/badbunny', 'https://res.cloudinary.com/djsm3jfht/image/upload/v1740765429/bad-bunny-img_cfhbcm.jpg'),
('Lola Índigo', 'Miriam Doblas Muñoz, artísticamente conocida como Lola Índigo, es una cantante y bailarina española que ganó fama tras su participación en "Operación Triunfo" y ha lanzado éxitos en el género pop y urbano.', 'https://example.com/share/lolaindigo', 'https://res.cloudinary.com/djsm3jfht/image/upload/v1740765429/lola-indigo-img_mvavhu.jpg'),
('Sosad.97', 'Sosad.97 es un artista emergente en la escena musical urbana, reconocido por su estilo distintivo y letras introspectivas.', 'https://example.com/share/sosad97', 'https://res.cloudinary.com/djsm3jfht/image/upload/v1740765429/sosad97-img_ootlse.jpg'),
('Feid', 'Salomón Villada Hoyos, conocido como Feid, es un cantante y compositor colombiano destacado en el género reguetón y música urbana.', 'https://example.com/share/feid', 'https://res.cloudinary.com/djsm3jfht/image/upload/v1740765429/feid-img_utb7jk.jpg'),
('Duki', 'Mauro Ezequiel Lombardo Quiroga, conocido artísticamente como Duki, es un rapero y cantante argentino que ha sido pionero en la escena del trap en su país.', 'https://example.com/share/duki', 'https://res.cloudinary.com/djsm3jfht/image/upload/v1740765428/duki-img_vtvdwd.jpg'),
('Harry Styles', 'Harry Styles es un cantante y compositor británico conocido por su trabajo en la banda One Direction y su exitosa carrera en solitario.', 'https://example.com/share/harrystyles', 'https://res.cloudinary.com/djsm3jfht/image/upload/v1740766759/harry-styles-img_szp2fi.jpg'),
('Bigflo & Oli', 'Bigflo & Oli es un dúo de hermanos franceses, Florian y Olivio Ordonez, que han ganado reconocimiento en la escena del rap francés por sus letras auténticas y ritmos pegajosos.', 'https://example.com/share/bigflo-oli', 'https://res.cloudinary.com/djsm3jfht/image/upload/v1740765429/bigflow_oli-img_yzssrb.jpg'),
('Paulo Londra', 'Paulo Londra es un rapero y cantante argentino reconocido por su influencia en la escena del trap y reguetón en América Latina.', 'https://example.com/share/paulolondra', 'https://res.cloudinary.com/djsm3jfht/image/upload/v1740766759/paulo-londra-img_qxrkhz.jpg'),
('María Becerra', 'María Becerra es una cantante y compositora argentina que ha ganado popularidad por su versatilidad en géneros como el pop y el reguetón.', 'https://example.com/share/mariabecerra', 'https://res.cloudinary.com/djsm3jfht/image/upload/v1740766759/maria-becerra-img_dqi1db.jpg'),
('Emilia', 'Emilia Mernes, conocida artísticamente como Emilia, es una cantante argentina destacada en la música urbana y pop.', 'https://example.com/share/emilia', 'https://res.cloudinary.com/djsm3jfht/image/upload/v1740766758/emilia-img_kx5rfj.jpg'),
('Don Patricio', 'Patricio Martín Díaz, conocido como Don Patricio, es un rapero español que ha alcanzado éxito con su estilo fresco y letras pegajosas.', 'https://example.com/share/donpatricio', 'https://res.cloudinary.com/djsm3jfht/image/upload/v1740766758/don-patricio-img_om3dyt.jpg'),
('Quevedo', 'Pedro Luis Domínguez Quevedo, conocido artísticamente como Quevedo, es un cantante español que ha ganado reconocimiento en la escena urbana.', 'https://example.com/share/quevedo', 'https://res.cloudinary.com/djsm3jfht/image/upload/v1740766758/quevedo_j6dz7r.jpg'),
('Dei V', 'Dei V es un artista emergente en la escena musical urbana, conocido por su estilo distintivo y letras profundas.', 'https://example.com/share/deiv', 'https://res.cloudinary.com/djsm3jfht/image/upload/v1741465266/deiv_t2damc.jpg'),
('Omar Courtz', 'Omar Courtz es un cantante y compositor español que ha destacado en la música urbana y reguetón.', 'https://example.com/share/omarcourtz', 'https://res.cloudinary.com/djsm3jfht/image/upload/v1741465266/omarcourtz_ehtb7t.jpg'),
('Efecto Pasillo', 'Efecto Pasillo es una banda española conocida por su estilo único que fusiona pop, rock y música latina. Han ganado popularidad por sus éxitos pegajosos y su energía en el escenario.', 'https://example.com/share/efectopasillo', 'https://res.cloudinary.com/djsm3jfht/image/upload/v1741465266/efecto-pasillo_hv3snl.jpg'),
('Rels B', 'Rels B es un cantante y compositor español, conocido por su estilo de rap melódico y líricas introspectivas. Ha logrado gran éxito en la escena musical urbana.', 'https://example.com/share/relsb', 'https://res.cloudinary.com/djsm3jfht/image/upload/v1741465266/relsb_ktgdjl.jpg'),
('C. Tangana', 'C. Tangana es un cantante y compositor español que ha conquistado la escena musical con su fusión de géneros como el rap, reguetón, flamenco y música popular española. Es conocido por sus letras provocadoras y su estilo único.', 'https://example.com/share/ctangana', 'https://res.cloudinary.com/djsm3jfht/image/upload/v1741465266/ctangana_ad4kd6.jpg');

INSERT INTO Artista (nombre_artista) VALUES
('Cruz Cafuné'),
('Bad Bunny'),
('Lola Índigo'),
('Sosad.97'),
('Feid'),
('Duki'),
('Harry Styles'),
('Bigflo & Oli'),
('Paulo Londra'),
('María Becerra'),
('Emilia'),
('Don Patricio'),
('Quevedo'),
('Dei V'),
('Omar Courtz'),
('Efecto Pasillo'),
('Rels B'),
('C. Tangana');

INSERT INTO Album (nombre_album, link_imagen, link_compartir, es_disco, fecha_pub) VALUES
('Me Muevo Con Dios', 'https://res.cloudinary.com/djsm3jfht/image/upload/v1740768018/mmcd_itztvm.jpg', 'https://example.com/share/memuevocondios', TRUE, '2023-05-25'),
('DeBÍ TiRAR MáS FOToS', 'https://res.cloudinary.com/djsm3jfht/image/upload/v1740768017/DTMF_pq1pgl.jpg', 'https://example.com/share/debitirarmasfotos', TRUE, '2025-01-05'),
('GRX', 'https://res.cloudinary.com/djsm3jfht/image/upload/v1740768017/grx_pwycc5.jpg', 'https://example.com/share/grx', TRUE, '2024-02-01'),
('Nadie Sabe Lo Que Va A Pasar Mañana', 'https://res.cloudinary.com/djsm3jfht/image/upload/v1740768017/nslqvapm_izn6zn.jpg', 'https://example.com/share/nadiesabeloquepasaramana', TRUE, '2023-10-13'),
('La Niña', 'https://res.cloudinary.com/djsm3jfht/image/upload/v1740768015/lani%C3%B1a_eqerng.jpg', 'https://example.com/share/lanina', TRUE, '2021-07-02'),
('Un Verano Sin Ti', 'https://res.cloudinary.com/djsm3jfht/image/upload/v1740768014/uvst_l2fas0.jpg', 'https://example.com/share/unveranosinti', TRUE, '2022-05-06'),
('El Último Tour Del Mundo', 'https://res.cloudinary.com/djsm3jfht/image/upload/v1740768014/eutdm_as8cp5.jpg', 'https://example.com/share/elultimotourdelmundo', TRUE, '2020-11-27'),
('Feliz cumpleaños, Ferxxo, te pirateamos el álbum', 'https://res.cloudinary.com/djsm3jfht/image/upload/v1740768014/felizcumpleferxxo_ep1nn3.jpg', 'https://example.com/share/feliz_cumpleanos_ferxxo', TRUE, '2022-09-14'),
('Desde el fin del mundo', 'https://res.cloudinary.com/djsm3jfht/image/upload/v1740768013/defdm_hceqs8.jpg', 'https://example.com/share/desde_el_fin_del_mundo', TRUE, '2021-04-22'),
('Harry''s House', 'https://res.cloudinary.com/djsm3jfht/image/upload/v1740768013/harryysuvarita_nrkjeq.jpg', 'https://example.com/share/harrys_house', TRUE, '2022-05-20'),
('El Madrileño', 'https://res.cloudinary.com/djsm3jfht/image/upload/v1741466752/elmadrile%C3%B1o_ked1dn.jpg', 'https://example.com/share/harrys_house', TRUE, '2021-02-26'),
('Happy Birthday Flakko', 'https://res.cloudinary.com/djsm3jfht/image/upload/v1741471200/happybirthdayflakko_hjl8xm.jpg', '', TRUE, '2019-10-17');

INSERT INTO Artista_posee_albumes (nombre_artista, id_album) VALUES
('Cruz Cafuné', 1),
('Bad Bunny', 2),
('Lola Índigo', 3),
('Bad Bunny', 4),
('Lola Índigo', 5),
('Bad Bunny', 6),
('Bad Bunny', 7),
('Feid', 8),
('Duki', 9),
('Harry Styles', 10),
('C. Tangana', 11),
('Rels B', 12);

INSERT INTO Podcaster (nombre_podcaster) VALUES
('Carlos Peguer'),
('Mariang Maturana'),
('Jordi Wild');

INSERT INTO Contenido_multimedia (link_cm, titulo, duracion, link_compartir, link_imagen, fecha_pub) VALUES
('https://res.cloudinary.com/djsm3jfht/video/upload/v1740771781/minaelhammani_i6b7wb.mp3', 'Mina el Hammani', '00:00:39', 'https://example.com/shareminaelhammani/', 'https://res.cloudinary.com/djsm3jfht/image/upload/v1740770021/mina_f6v0jk.jpg', '2019-11-13'),
('https://res.cloudinary.com/djsm3jfht/video/upload/v1740773911/velda_ta5ap7.mp3', 'VeLDÁ', '00:00:33', 'https://example.com/share/velda', 'https://res.cloudinary.com/djsm3jfht/image/upload/v1740768017/DTMF_pq1pgl.jpg', '2025-01-05'),
('https://res.cloudinary.com/djsm3jfht/video/upload/v1740773924/sinrazon_bo3sm5.mp3', 'Sin Razón', '00:00:47', 'https://example.com/share/sinrazon', 'https://res.cloudinary.com/djsm3jfht/image/upload/v1740770020/sinrazon_nkv3f2.jpg', '2022-10-10'),
('https://res.cloudinary.com/djsm3jfht/video/upload/v1740774205/rockstar_ducbqv.m4a', 'Rockstar', '00:01:00', 'https://example.com/share/rockstar', 'https://res.cloudinary.com/djsm3jfht/image/upload/v1740770020/rockstar_gihqjy.jpg', '2019-11-22'),
('https://res.cloudinary.com/djsm3jfht/video/upload/v1740773965/dommage_bc0vjy.mp3', 'Domino', '00:02:52', 'https://example.com/share/domino', 'https://res.cloudinary.com/djsm3jfht/image/upload/v1740770020/domino_ychtga.jpg', '2021-05-14'),
('https://res.cloudinary.com/djsm3jfht/video/upload/v1740775397/pedololalolita_borutl.mp3', 'Episodio 1: Bienvenidos', '00:01:16', 'https://example.com/share/ep1', 'https://res.cloudinary.com/djsm3jfht/image/upload/v1740770862/ep1_v4nuiq.jpg', '2024-01-15'),
('https://res.cloudinary.com/djsm3jfht/video/upload/v1740775464/perrosanchez_hk5amg.mp3', 'Episodio 2: Redes Sociales y Salud Mental', '00:01:17', 'https://example.com/share/ep2', 'https://res.cloudinary.com/djsm3jfht/image/upload/v1740770863/perrosanchez_f0lg5e.jpg', '2024-02-20'),
('https://res.cloudinary.com/djsm3jfht/video/upload/v1740775464/jordiwild01_ywnwkb.mp3', 'Entrevista sobre Salud Mental', '00:01:11', 'https://example.com/share/ep1jordi', 'https://res.cloudinary.com/djsm3jfht/image/upload/v1740770862/wild180_a1cf4i.jpg', '2024-02-22'),
('https://res.cloudinary.com/djsm3jfht/video/upload/v1740775457/jordiwild02_yzle4j.mp3', 'Éxito Personal a Través de la Disciplina', '00:01:00', 'https://example.com/share/ep2jordi', 'https://res.cloudinary.com/djsm3jfht/image/upload/v1740771000/wild121_piej6g.jpg', '2024-02-23'),
('https://res.cloudinary.com/djsm3jfht/video/upload/v1740773796/whereshegoes_awabsi.mp3', 'WHERE SHE GOES', '00:00:27', 'https://example.com/share/where_she_goes', 'https://res.cloudinary.com/djsm3jfht/image/upload/v1740770020/whereshegoes_urmtrz.jpg', '2023-05-18'),
('https://res.cloudinary.com/djsm3jfht/video/upload/v1740773919/lareina_sp8vrs.mp3', 'La Reina', '00:02:07', 'https://example.com/share/lareina', 'https://res.cloudinary.com/djsm3jfht/image/upload/v1740770020/lareina_n5ccrx.jpg', '2024-06-15'),
('https://res.cloudinary.com/djsm3jfht/video/upload/v1740773972/titimepregunto_kizeex.mp3', 'Tití Me Preguntó', '00:03:19', 'https://example.com/share/titi_me_pregunto', 'https://res.cloudinary.com/djsm3jfht/image/upload/v1740768014/uvst_l2fas0.jpg', '2022-05-06'),
('https://res.cloudinary.com/djsm3jfht/video/upload/v1740773864/yovistoasi_lsg9ou.mp3', 'Yo Visto Así', '00:02:38', 'https://example.com/share/yo_visto_asi', 'https://res.cloudinary.com/djsm3jfht/image/upload/v1740768014/eutdm_as8cp5.jpg', '2020-11-27'),
('https://res.cloudinary.com/djsm3jfht/video/upload/v1740775220/dtmf_l5yszg.mp3', 'DeBÍ TiRAR MáS FOToS', '00:00:19', 'https://example.com/share/debitiar', 'https://res.cloudinary.com/djsm3jfht/image/upload/v1740768017/DTMF_pq1pgl.jpg', '2025-01-05'),
('https://res.cloudinary.com/djsm3jfht/video/upload/v1740773857/pesadillas_rggf1z.mp3', 'Pesadillas', '00:02:22', 'https://example.com/share/pesadillas', 'https://res.cloudinary.com/djsm3jfht/image/upload/v1740770019/pesadillas_lg3qnb.jpg', '2024-09-13'),
('https://res.cloudinary.com/djsm3jfht/video/upload/v1740773741/normal_niurzh.mp3', 'Normal', '00:01:54', 'https://example.com/share/normal', 'https://res.cloudinary.com/djsm3jfht/image/upload/v1740770019/norma_rhzn6l.jpg', '2022-09-14'),
('https://res.cloudinary.com/djsm3jfht/video/upload/v1740773646/malbec_zpzjnv.mp3', 'Malbec', '00:00:38', 'https://example.com/share/malbec', 'https://res.cloudinary.com/djsm3jfht/image/upload/v1740768013/defdm_hceqs8.jpg', '2021-04-22'),
('https://res.cloudinary.com/djsm3jfht/video/upload/v1740773737/asitwas_p4fffn.mp3', 'As It Was', '00:02:08', 'https://example.com/share/as_it_was', 'https://res.cloudinary.com/djsm3jfht/image/upload/v1740768013/harryysuvarita_nrkjeq.jpg', '2022-04-01'),
('https://res.cloudinary.com/djsm3jfht/video/upload/v1740773619/ferxoo100_yr75um.mp3', 'Ferxxo 100', '00:00:37', 'https://example.com/share/ferxxo_100', 'https://res.cloudinary.com/djsm3jfht/image/upload/v1740770020/ferxxo100_jkdul3.jpg', '2022-07-01'),
('https://res.cloudinary.com/djsm3jfht/video/upload/v1740773709/goteo_ckg403.mp3', 'Goteo', '00:02:08', 'https://example.com/share/goteo', 'https://res.cloudinary.com/djsm3jfht/image/upload/v1740770020/goteo_ztww4q.jpg', '2019-08-06'),
('https://res.cloudinary.com/djsm3jfht/video/upload/v1740773590/wartermelon_s0o1ri.mp3', 'Watermelon Sugar', '00:00:23', 'https://example.com/share/watermelon_sugar', 'https://res.cloudinary.com/djsm3jfht/image/upload/v1740770019/watermelonsugar_rhrf8w.jpg', '2019-11-16'),
('https://res.cloudinary.com/djsm3jfht/video/upload/v1740773596/partyenelbarrio_seejoa.mp3', 'Party en el Barrio', '00:00:36', 'https://example.com/share/party_en_el_barrio', 'https://res.cloudinary.com/djsm3jfht/image/upload/v1740770019/partyenelbarrio_ecfqxj.jpg', '2022-09-14'),
('https://res.cloudinary.com/djsm3jfht/video/upload/v1740773729/lolabunny_vs5kdf.mp3', 'Lola Bunny', '00:02:16', 'https://example.com/share/lola_bunny', 'https://res.cloudinary.com/djsm3jfht/image/upload/v1740770019/lolabunny_o38u22.jpg', '2019-07-31'),
('https://res.cloudinary.com/djsm3jfht/video/upload/v1740773651/discoteka_blcs7c.mp3', 'Discoteka', '00:01:49', 'https://example.com/share/discoteka', 'https://res.cloudinary.com/djsm3jfht/image/upload/v1740770019/diskoteca_gvaos3.jpg', '2022-09-01'),
('https://res.cloudinary.com/djsm3jfht/video/upload/v1740773580/eltonto_qoguwp.mp3', 'El Tonto', '00:00:44', 'https://example.com/share/el_tonto', 'https://res.cloudinary.com/djsm3jfht/image/upload/v1740770019/eltonto_toogt3.jpg', '2023-04-14'),
('https://res.cloudinary.com/djsm3jfht/video/upload/v1741466208/demasiadasmujeres_kupbpc.mp3', 'Demasiadas Mujeres', '00:01:57', 'https://example.com/share/demasiadasmujeres', 'https://res.cloudinary.com/djsm3jfht/image/upload/v1741466752/elmadrile%C3%B1o_ked1dn.jpg', '2021-02-26'),
('https://res.cloudinary.com/djsm3jfht/video/upload/v1741466208/medejastedequerer_ic9evk.mp3', 'Tu Me Dejaste De Querer', '00:01:46', 'https://example.com/share/tumedejastedequerer', 'https://res.cloudinary.com/djsm3jfht/image/upload/v1741466752/elmadrile%C3%B1o_ked1dn.jpg', '2021-02-26'),
('https://res.cloudinary.com/djsm3jfht/video/upload/v1741466207/nuncaestoy_ns8gi3.mp3', 'Nunca Estoy', '00:00:32', 'https://example.com/share/nuncaestoy', 'https://res.cloudinary.com/djsm3jfht/image/upload/v1741466752/elmadrile%C3%B1o_ked1dn.jpg', '2021-02-26'),
('https://res.cloudinary.com/djsm3jfht/video/upload/v1741466207/ingobernable_ssdpqo.m4a', 'Ingobernable', '00:01:00', 'https://example.com/share/ingobernable', 'https://res.cloudinary.com/djsm3jfht/image/upload/v1741466752/elmadrile%C3%B1o_ked1dn.jpg', '2021-02-26'),
('https://res.cloudinary.com/djsm3jfht/video/upload/v1741466206/lostontos_xrgjiw.mp3', 'Los Tontos', '00:00:35', 'https://example.com/share/lostontos', 'https://res.cloudinary.com/djsm3jfht/image/upload/v1741466752/elmadrile%C3%B1o_ked1dn.jpg', '2021-02-26'),
('https://res.cloudinary.com/djsm3jfht/video/upload/v1741471491/ami_faifw3.mp3', 'A Mí', '00:002:53', 'link_compartir', 'https://res.cloudinary.com/djsm3jfht/image/upload/v1741471403/ami_mjxzve.jpg','2017-02-17'),
('https://res.cloudinary.com/djsm3jfht/video/upload/v1741471490/eldon_rnyis0.mp3', 'Tienes el Don', '00:00:27', 'link_compartir', 'https://res.cloudinary.com/djsm3jfht/image/upload/v1741471404/eldon_pl7ivx.jpg','2019-02-21'),
('https://res.cloudinary.com/djsm3jfht/video/upload/v1741471490/shortyquetevayabien_oyuzvj.mp3', 'SHORTY QUE TE VAYA BN <3', '00:00:22', 'link_compartir', 'https://res.cloudinary.com/djsm3jfht/image/upload/v1741471404/shortyquetevayabien_cgsu4v.jpg','2021-09-29'),
('https://res.cloudinary.com/djsm3jfht/video/upload/v1741471490/sinmirarlasse%C3%B1ales_rngg86.mp3', 'SIN MIRAR LAS SEÑALES', '00:00:24', 'link_compartir', 'https://res.cloudinary.com/djsm3jfht/image/upload/v1741471200/happybirthdayflakko_hjl8xm.jpg','2019-10-17'),
('https://res.cloudinary.com/djsm3jfht/video/upload/v1741471489/comotevaquerida_j1yeoj.m4a', '¿CÓMO TE VA, QUERIDA?', '00:01:00', 'link_compartir', 'https://res.cloudinary.com/djsm3jfht/image/upload/v1741471200/happybirthdayflakko_hjl8xm.jpg','2019-10-17'),
('https://res.cloudinary.com/djsm3jfht/video/upload/v1741471489/OTROCHEKE_xfo0hd.mp3', 'OTRO CHEKE', '00:00:39', 'link_compartir', 'https://res.cloudinary.com/djsm3jfht/image/upload/v1741471200/happybirthdayflakko_hjl8xm.jpg','2019-10-17'),
('https://res.cloudinary.com/djsm3jfht/video/upload/v1741794971/panymantequilla_oi6lxi.mp3', 'Pan y mantequilla', '00:01:17', 'link_compartir', 'https://res.cloudinary.com/djsm3jfht/image/upload/v1741796350/noimportaquellueva_kmzxul.jpg','2013-12-20'),
('https://res.cloudinary.com/djsm3jfht/video/upload/v1741794971/cuandomesientobien_xz2fun.mp3', 'Cuando me siento bien', '00:03:04', 'link_compartir', 'https://res.cloudinary.com/djsm3jfht/image/upload/v1741796350/cuandomesientobien_cdsfun.jpg','2015-12-20'),
('https://res.cloudinary.com/djsm3jfht/video/upload/v1741794971/noimportaquellueva_ih9sui.mp3', 'No importa que llueva', '00:02:14', 'link_compartir', 'https://res.cloudinary.com/djsm3jfht/image/upload/v1741796350/noimportaquellueva_kmzxul.jpg','2013-12-20'),
('https://res.cloudinary.com/djsm3jfht/video/upload/v1741794970/comosinoimportara_r1yr7y.m4a', 'como si no importara', '00:01:00', 'link_compartir', 'https://res.cloudinary.com/djsm3jfht/image/upload/v1741796349/comosinoimportara_kacsxj.jpg','2021-07-13'),
('https://res.cloudinary.com/djsm3jfht/video/upload/v1741794970/noseve_qtruq0.mp3', 'No_Se_Ve.mp3', '00:01:01', 'link_compartir', 'https://res.cloudinary.com/djsm3jfht/image/upload/v1741796349/mp3-emilia_aqwbdb.jpg','2023-11-03'),
('https://res.cloudinary.com/djsm3jfht/video/upload/v1741794969/exclusive_mik789.m4a', 'Exclusive.mp3', '00:01:00', 'link_compartir', 'https://res.cloudinary.com/djsm3jfht/image/upload/v1741796349/mp3-emilia_aqwbdb.jpg','2023-11-03'),
('https://res.cloudinary.com/djsm3jfht/video/upload/v1741794968/estorecienempieza_i4si96.mp3', 'Esto Recién Empieza', '00:00:13', 'link_compartir', 'https://res.cloudinary.com/djsm3jfht/image/upload/v1741796349/estorecienempieza_hq1ymr.jpg','2022-02-14');
-- ('', '', '00:00:00', 'link_compartir', '','2017-00-00'),

INSERT INTO Cancion (id_cancion, n_repros, letra) VALUES
(1, 1500000, 'Esta es la letra de "Mina el Hammani", un tema cargado de energía que resalta la espiritualidad en la música urbana.'),
(2, 200527865, 'En "VeLDÁ", Bad Bunny explora la vida y sus experiencias con su estilo único y pegajoso.'),
(3, 800000, 'Sosad.97 nos trae "Sin Razón", una canción de trap y emociones profundas, reflejando una vida sin sentido.'),
(4, 1100000, 'Duki destaca con "Rockstar", una pieza llena de rimas poderosas y una vibra irreverente, ideal para cualquier fiesta.'),
(5, 700000, 'Bigflo & Oli en "Domino" nos presentan un tema emotivo, con letras que tocan el corazón y un estilo distintivo.'),
(10, 250000000, 'Letra de "WHERE SHE GOES" de Bad Bunny.'),
(11, 180000000, 'Letra de "La Reina" de Lola Índigo.'),
(12, 300000000, 'Letra de "Tití Me Preguntó" de Bad Bunny.'),
(13, 220000000, 'Letra de "Yo Visto Así" de Bad Bunny.'),
(14, 50000000, 'Letra de "DeBÍ TiRAR MáS FOToS" de Bad Bunny.'),
(15, 75000000, 'Letra de "Pesadillas" de Lola Índigo.'),
(16, 300000000, 'Letra de "Normal" de Feid.'),
(17, 250000000, 'Letra de "Malbec" de Duki.'),
(18, 500000000, 'Letra de "As It Was" de Harry Styles.'),
(19, 150000000, 'Letra de "Ferxxo 100" de Feid.'),
(20, 200000000, 'Letra de "Goteo" de Duki.'),
(21, 450000000, 'Letra de "Watermelon Sugar" de Harry Styles.'),
(22, 150000000, 'Letra de "Party en el Barrio" de Paulo Londra y Duki.'),
(23, 120000000, 'Letra de "Lola Bunny" de Lola Índigo y Don Patricio.'),
(24, 180000000, 'Letra de "Discoteka" de Lola Índigo y María Becerra.'),
(25, 200000000, 'Letra de "El Tonto" de Lola Índigo y Quevedo.'),
(26, 100000000, 'Letra de "Demasiadas Mujeres": \n"Y sigo soñando con esas, demasiadas mujeres\nNo puedo dejar de pensar en ellas, demasiadas mujeres\nSonreímos con risas que envenenan\nY ya no hay vuelta atrás, demasiado tarde para frenar\n..." [Continuar letra de la canción aquí]'),
(27, 150000000, 'Letra de "Tu Me Dejaste De Querer": \n"Tu me dejaste de querer\nTu me dejaste de querer\nY yo te sigo amando\nAunque ya no te vea\nTu me dejaste de querer..." [Continuar letra de la canción aquí]'),
(28, 120000000, 'Letra de "Nunca Estoy": \n"Siempre voy a estar cuando me necesites\nPero nunca estoy, nunca estoy, nunca estoy\nEn este lugar, nunca estoy\nLa cabeza me grita lo que no escuchas..." [Continuar letra de la canción aquí]'),
(29, 200000000, 'Letra de "Ingobernable": \n"Soy ingobernable, ya no puedo parar\nVoy a hacer lo que quiero, a mi manera\nNada me para, nada me detiene\nIngobernable, soy mi propio camino..." [Continuar letra de la canción aquí]'),
(30, 180000000, 'Letra de "Los Tontos": \n"Y ahora somos los tontos, siempre somos los tontos\nNos volvemos a caer, y nos volvemos a levantar\nNo aprendo de mis errores, soy uno más\nPero siempre vuelvo a lo mismo..." [Continuar letra de la canción aquí]'),
(31, 800000000, 'Letra de "A Mí":...'),
(32, 800000000, 'Letra de "Tienes el don":...'),
(33, 172000000, 'Letra de "SHORTY QUE TE VAYA BN <3":...'),
(34, 200000000, 'Letra de "SIN MIRAR LAS SEÑALES":...'),
(35, 80000000, 'Letra de "¿CÓMO TE VA, QUERIDA?":...'),
(36, 60000000, 'Letra de "OTRO CHEKE":...'),
(37, 80000000, 'Letra de "Pan y mantequilla...'),
(38, 35000000, 'Letra de "Cuando me siento bien..."'),
(39, 40000000, 'Letra de "No importa que llueva..."'),
(40, 300000000, 'Letra de "como si no importara..."'),
(41, 350000000, 'Letra de "No se ve..."'),
(42, 60000000, 'Letra de "Exclusive..."'),
(43, 120000000, 'Letra de "Esto recien empieza..."');

INSERT INTO Generos (id_cancion, genero) VALUES
(1, 'Rap'),
(1, 'Trap'),
(2, 'Reguetón'),
(3, 'Trap'),
(4, 'Trap'),
(5, 'Rap'),
(10, 'Reguetón'),
(11, 'Reguetón'),
(12, 'Reguetón'),
(13, 'Reguetón'),
(14, 'Reguetón'),
(15, 'Reguetón'),
(16, 'Reguetón'),
(17, 'Trap'),
(18, 'Pop'),
(19, 'Reguetón'),
(20, 'Trap'),
(21, 'Pop'),
(22, 'Trap'),
(23, 'Reguetón'),
(24, 'Reguetón'),
(25, 'Reguetón'),
(26, 'Flamenco'),
(26, 'Reguetón'),
(27, 'Flamenco'),
(27, 'Reguetón'),
(28, 'Flamenco'),
(28, 'Reguetón'),
(29, 'Flamenco'),
(30, 'Flamenco'),
(31, 'Reguetón'),
(32, 'Rap'),
(33, 'Reguetón'),
(34, 'Reguetón'),
(35, 'Trap'),
(36, 'Trap'),
(37, 'Pop'),
(38, 'Pop'),
(39, 'Pop'),
(40, 'Reguetón'),
(41, 'Reguetón'),
(41, 'Funk Carioca'),
(42, 'Reguetón'),
(42, 'Pop'),
(43, 'Reguetón');

INSERT INTO Numero_cancion_en_album (id_album, id_cancion, numero_cancion) VALUES
(4, 10, 5),  -- "WHERE SHE GOES" en "Nadie Sabe Lo Que Va A Pasar Mañana"
(6, 12, 7), -- "Tití Me Preguntó" en "Un Verano Sin Ti"
(7, 13, 1), -- "Yo Visto Así" en "El Último Tour Del Mundo"
(8, 16, 4),  -- "Normal" en "Feliz cumpleaños, Ferxxo, te pirateamos el álbum"
(9, 17, 10), -- "Malbec" en "Desde el fin del mundo"
(10, 18, 4),  -- "As It Was" en "Harry's House"
(11, 26, 1),
(11, 27, 2),
(11, 28, 4),
(11, 29, 6),
(11, 30, 13),
(12, 34, 4),
(12, 35, 5),
(12, 36, 7);

INSERT INTO Artista_principal (nombre_artista, id_cancion) VALUES
('Cruz Cafuné', 1),
('Bad Bunny', 2),
('Sosad.97', 3),
('Duki', 4),
('Bigflo & Oli', 5),
('Bad Bunny', 10),
('Lola Índigo', 11),
('Bad Bunny', 12),
('Bad Bunny', 13),
('Bad Bunny', 14),
('Lola Índigo', 15),
('Feid', 16),
('Duki', 17),
('Harry Styles', 18),
('Feid', 19),
('Duki', 20),
('Harry Styles', 21),
('Paulo Londra', 22),
('Lola Índigo', 23),
('Lola Índigo', 24),
('Lola Índigo', 25),
('C. Tangana', 30),
('C. Tangana', 26),
('C. Tangana', 27),
('C. Tangana', 28),
('C. Tangana', 29),
('Rels B', 31),
('Rels B', 32),
('Rels B', 33),
('Rels B', 34),
('Rels B', 35),
('Rels B', 36),
('Efecto Pasillo', 37),
('Efecto Pasillo', 38),
('Efecto Pasillo', 39),
('Emilia', 40),
('Emilia', 41),
('Emilia', 42),
('Duki', 43);

INSERT INTO Featuring (nombre_artista, id_cancion) VALUES
('Dei V', 2),
('Omar Courtz', 2),
('Duki', 22),
('Don Patricio', 23),
('María Becerra', 24),
('Quevedo', 25),
('Duki',36),
('Don Patricio', 35),
('Duki', 40),
('Emilia', 43);

INSERT INTO Podcast (id_podcast, nombre, link_imagen, link_compartir, descripcion) VALUES
(1, 'La Pija y la Quinqui', 'https://res.cloudinary.com/djsm3jfht/image/upload/v1740768719/lapijaylaquinqui_vrgwui.jpg', 'https://example.com/share/lapijaylaquinqui', 'Un podcast donde se exploran temas de actualidad y cultura con humor irreverente.'),
(2, 'The Wild Project', 'https://res.cloudinary.com/djsm3jfht/image/upload/v1740768719/thewildproject_ufwldg.jpg', 'https://example.com/share/thewildproject', 'Un podcast conducido por Jordi Wild en el que se tocan temas de crecimiento personal, entrevistas y entretenimiento.');

INSERT INTO Tematica_podcast (id_podcast, tematica) VALUES
(1, 'Cultura'),
(1, 'Comedia'),
(1, 'Sociedad'),
(2, 'Entrevistas'),
(2, 'Crecimiento Personal'),
(2, 'Entretenimiento');

INSERT INTO Tiene_podcast (nombre_podcaster, id_podcast) VALUES
('Carlos Peguer', 1),
('Mariang Maturana', 1),
('Jordi Wild', 2);

INSERT INTO Episodio (id_ep, id_podcast, descripcion) VALUES
(6, 1, 'En este episodio, hablamos de la última película de terror y analizamos las tendencias actuales de la moda.'),
(7, 1, 'Un episodio dedicado a nuestras vivencias en el mundo de las redes sociales y cómo afectan la salud mental.'),
(8, 2, 'Entrevista con un experto en psicología sobre la importancia de la salud mental en el mundo moderno.'),
(9, 2, 'En este episodio, discutimos cómo lograr el éxito personal a través de la disciplina y el trabajo constante.');

INSERT INTO Idiomas_multimedia (id_cm, idioma) VALUES
(1, 'Español'),   -- "Mina el Hammani" de Cruz Cafuné
(2, 'Español'),   -- "VeLDÁ" de Bad Bunny
(3, 'Español'),   -- "Sin Razón" de Sosad.97
(4, 'Español'),   -- "Rockstar" de Duki
(5, 'Francés'),   -- "Domino" de Bigflo & Oli
(6, 'Español'),   -- "Episodio 1: Bienvenidos" de La Pija y la Quinqui
(7, 'Español'),   -- "Episodio 2: Redes Sociales y Salud Mental" de La Pija y la Quinqui
(8, 'Español'),   -- "Entrevista sobre Salud Mental" de The Wild Project
(9, 'Español'),   -- "Éxito Personal a Través de la Disciplina" de The Wild Project
(10, 'Español'),  -- "WHERE SHE GOES" de Bad Bunny
(11, 'Español'),  -- "La Reina" de Lola Índigo
(12, 'Español'),  -- "Tití Me Preguntó" de Bad Bunny
(13, 'Español'),  -- "Yo Visto Así" de Bad Bunny
(14, 'Español'),  -- "DeBÍ TiRAR MáS FOToS" de Bad Bunny
(15, 'Español'),  -- "Pesadillas" de Lola Índigo
(16, 'Español'),  -- "Normal" de Feid
(17, 'Español'),  -- "Malbec" de Duki
(18, 'Inglés'),   -- "As It Was" de Harry Styles
(19, 'Español'),  -- "Ferxxo 100" de Feid
(20, 'Español'),  -- "Goteo" de Duki
(21, 'Inglés'),   -- "Watermelon Sugar" de Harry Styles
(22, 'Español'),  -- "Party en el Barrio" de Paulo Londra y Duki.
(23, 'Español'),  -- "Lola Bunny" de Lola Índigo y Don Patricio.
(24, 'Español'),  -- "Discoteka" de Lola Índigo y María Becerra.
(25, 'Español'),  -- "El Tonto" de Lola Índigo y Quevedo.
(26, 'Español'),
(27, 'Español'),
(28, 'Español'),
(29, 'Español'),
(30, 'Español'),
(31, 'Español'),
(32, 'Español'),
(33, 'Español'),
(34, 'Español'),
(35, 'Español'),
(36, 'Español'),
(37, 'Español'),
(38, 'Español'),
(39, 'Español'),
(40, 'Español'),
(41, 'Español'),
(41, 'Portugués'),
(42, 'Español'),
(42, 'Inglés'),
(43, 'Español');

INSERT INTO Carpeta (nombre) VALUES
('Idiomas'),
('Géneros'),
('Artistas'),
('Podcasters'),
('Aleatorio Canciones'),
('Aleatorio Episodios');


INSERT INTO Lista_reproduccion (nombre, es_publica, color, link_compartir) VALUES
-- idiomas
('TOP ESPAÑOL', TRUE, '#0000FF', 'https://example.com/share/español'),
('TOP FRANCÉS', TRUE, '#FF0000', 'https://example.com/share/frances'),
('TOP INGLÉS', TRUE, '#008000', 'https://example.com/share/ingles'),
-- generos
('RAP', TRUE, '#FFFF00', 'https://example.com/share/rap'),
('REGUETÓN', TRUE, '#800080', 'https://example.com/share/regueton'),
('TRAP', TRUE, '#FFA500', 'https://example.com/share/trap'),
('POP', TRUE, '#0000FF', 'https://example.com/share/pop'),
-- artistas
('This is Cruz Cafuné', TRUE, '#000000', 'https://example.com/share/thisicruzcafune'),
('This is Bad Bunny', TRUE, '#000000', 'https://example.com/share/thisisbadbunny'),
('This is Lola Índigo', TRUE, '#000000', 'https://example.com/share/thisislolaindigo'),
('This is Sosad.97', TRUE, '#000000', 'https://example.com/share/thisissosad.97'),
('This is Feid', TRUE, '#000000', 'https://example.com/share/thisisfeid'),
('This is Duki', TRUE, '#000000', 'https://example.com/share/thisisduki'),
('This is Harry Styles', TRUE, '#000000', 'https://example.com/share/thisisharrystyles'),
('This is Bigflo & Oli', TRUE, '#000000', 'https://example.com/share/thisisbigflooli'),
('This is Paulo Londra', TRUE, '#000000', 'https://example.com/share/thisispaulolondra'),
('This is María Becerra', TRUE, '#000000', 'https://example.com/share/thisismariabecerra'),
('This is Emilia', TRUE, '#000000', 'https://example.com/share/thisisemilia'),
('This is Don Patricio', TRUE, '#000000', 'https://example.com/share/thisisdonpatricio'),
('This is Quevedo', TRUE, '#000000', 'https://example.com/share/thisisquevedo'),
('This is Dei V', TRUE, '#000000', 'https://example.com/share/thisisdeiv'),
('This is Omar Courtz', TRUE, '#000000', 'https://example.com/share/thisisomarcourtz'),
('This is Efecto Pasillo', TRUE, '#000000', 'https://example.com/share/thisisefectopasillo'),
('This is Rels B', TRUE, '#000000', 'https://example.com/share/thisisrelsb'),
('This is C. Tangana', TRUE, '#000000', 'https://example.com/share/thisisc.tangana'),
-- podcasters
('This is Carlos Peguer', TRUE, '#000000', 'https://example.com/share/thisiscarlospeguer'),
('This is Mariang Maturana', TRUE, '#000000', 'https://example.com/share/thisismariangmaturana'),
('This is Jordi Wild', TRUE, '#000000', 'https://example.com/share/thisisjordiwild'),
-- aleatorio canciones
('VERANO', TRUE, '#FFA500', 'https://example.com/share/verano'),
('FIESTA', TRUE, '#FF0000', 'https://example.com/share/fiesta'),
('RELAX', TRUE, '#008000', 'https://example.com/share/relax'),
('ENTRENAMIENTO', TRUE, '#FFFF00', 'https://example.com/share/entrenamiento'),
('TRABAJO', TRUE, '#0000FF', 'https://example.com/share/trabajo'),
('ESTUDIO', TRUE, '#800080', 'https://example.com/share/estudio'),
('SAN VALENTÍN', TRUE, '#FFA500', 'https://example.com/share/sanvalentin'),
('NAVIDAD', TRUE, '#FF0000', 'https://example.com/share/navidad'),
-- aleatorio episodios
('ASMR', TRUE, '#008000', 'https://example.com/share/asmr'),
('MEDITACIÓN', TRUE, '#FFFF00', 'https://example.com/share/meditacion'),
('COCINA', TRUE, '#0000FF', 'https://example.com/share/cocina'),
('INFANTIL', TRUE, '#800080', 'https://example.com/share/infantil'),
('MOTIVACIÓN', TRUE, '#FFA500', 'https://example.com/share/motivacion'),
('HISTORIA', TRUE, '#008000', 'https://example.com/share/historia'),
('CIENCIA', TRUE, '#FFFF00', 'https://example.com/share/ciencia'),
('CULTURA', TRUE, '#800080', 'https://example.com/share/cultura'),
('COMEDIA', TRUE, '#FFA500', 'https://example.com/share/comedia'),
('ENTREVISTAS', TRUE, '#008000', 'https://example.com/share/entrevistas');


INSERT INTO Playlist (id_playlist) VALUES
(1), (2), (3), (4), (5), (6), (7), (8), (9), (10), (11), (12), (13), (14), (15), (16),
(17), (18), (19), (20), (21), (22), (23), (24), (25), 
(29), (30), (31), (32), (33), (34), (35), (36);

INSERT INTO Lista_Episodios (id_lista_ep) VALUES
(26), (27), (28), 
(37), (38), (39), (40), (41), (42), (43), (44), (45), (46);

INSERT INTO Canciones_en_playlist (id_playlist, id_cancion) VALUES
-- TOP ESPAÑOL
(1, 2), (1, 4), (1, 11), (1, 12), (1, 13), (1, 14), (1, 15), (1, 16), (1, 17), (1, 19), (1,20), (1, 22),
-- TOP FRANCÉS
(2, 5),
-- TOP INGLÉS
(3, 18),(3,21),
-- RAP
(4, 1),(4,5),(4,32),
-- REGUETÓN
(5, 2),(5,10),(5,11),(5,12),(5,13),(5,14),(5,15),(5,16),(5,19),(5,23),(5,24),(5,25),(5,31),(5,33),(5,34),
-- TRAP
(6, 3),(6,4),(6,17),(6,20),(6,22),(6,35),(6,36),
-- POP
(7, 18),(7,21),
-- This is Cruz Cafuné
(8, 1),
-- This is Bad Bunny
(9, 2),(9,10),(9,12),(9,13),(9,14),
-- This is Lola Índigo
(10, 11),(10,15),(10,23),(10,24),(10,25),
-- This is Sosad.97
(11, 3),
-- This is Feid
(12, 16),(12,19),
-- This is Duki
(13, 4),(13,17),(13,20),(13,22),
-- This is Harry Styles
(14, 18),(14,21),
-- This is Bigflo & Oli
(15, 5),
-- This is Paulo Londra
(16, 22),
-- This is María Becerra
(17, 24),
-- This is Emilia
(18, 40), (18, 41), (18, 42), (18, 23),
-- This is Don Patricio
(19, 23),
-- This is Quevedo
(20, 25),
-- This is Dei V
(21, 2),
-- This is Omar Courtz
(22, 2),
-- This is Efecto Pasillo
(23, 37), (23, 38), (23, 39),
-- This is Rels B
(24, 31),(24,32),(24,33),(24,34),(24,35),(24,36),
-- This is C. Tangana
(25, 26),(25,27),(25,28),(25,29),(25,30),
-- VERANO
(29, 10),(29,12),(29,20),(29,21),(29,25),
-- FIESTA
(30, 4),(30,12),(30,20),(30,21),(30,22),(30,23),(30,24),
-- RELAX
(31, 18),(31,19),(31,31), (31,35),
-- ENTRENAMIENTO
(32, 3),(32,4),(32,13),(32,16),(32,17),(32,20),(32,22),(32,24),
-- TRABAJO
(33, 1),(33,5),(33,18),(33,21),(33,31),
-- ESTUDIO
(33, 15),(34,26),(34,27),(34,28),(34,29),(34,30),(33,34),
-- SAN VALENTÍN
(35, 23),(35,24),(35,25),(35,35),
-- NAVIDAD
(36, 18);


INSERT INTO Episodios_de_lista (id_lista_ep, id_ep, id_podcast) VALUES
(26, 6, 1), (26, 7, 1),
(27, 6, 1), (27, 7, 1),
(28, 8, 2), (28, 9, 2),
(37, 6, 1), (37, 7, 1), (37, 8, 2), (37, 9, 2),
(38, 6, 1), (38, 7, 1), (38, 8, 2), (38, 9, 2),
(39, 6, 1), (39, 7, 1), (39, 8, 2), (39, 9, 2),
(40, 6, 1), (40, 7, 1), (40, 8, 2), (40, 9, 2),
(41, 6, 1), (41, 7, 1), (41, 8, 2), (41, 9, 2),
(42, 6, 1), (42, 7, 1), (42, 8, 2), (42, 9, 2),
(43, 6, 1), (43, 7, 1), (43, 8, 2), (43, 9, 2),
(44, 6, 1), (44, 7, 1), (44, 8, 2), (44, 9, 2),
(45, 6, 1), (45, 7, 1), (45, 8, 2), (45, 9, 2),
(46, 6, 1), (46, 7, 1), (46, 8, 2), (46, 9, 2);

INSERT INTO Listas_de_carpeta (id_carpeta, id_lista) VALUES
(1, 1), (1, 2), (1, 3),
(2, 4), (2, 5), (2, 6), (2, 7),
(3, 8), (3, 9), (3, 10), (3, 11),(3, 12),(3, 13),(3, 14),(3, 15),(3, 16),(3, 17),(3, 18),(3, 19),(3, 20),(3, 21),(3, 22),(3, 23),(3, 24),(3, 25),
(4, 26), (4, 27), (4, 28),
(5, 29), (5, 30), (5, 31), (5, 32), (5, 33), (5, 34), (5, 35), (5, 36),
(6, 37), (6, 38), (6, 39), (6, 40), (6, 41), (6, 42), (6, 43), (6, 44),(6, 45), (6, 46);


-- NAVE DRAGÓN
INSERT INTO Contenido_multimedia (link_cm, titulo, duracion, link_compartir, link_imagen, fecha_pub) VALUES
('https://res.cloudinary.com/djsm3jfht/video/upload/v1743078790/MISION005_flow9n.mp3', 'MISSION005', '00:00:35', 'https://example.com/share/mission005', 'https://res.cloudinary.com/djsm3jfht/image/upload/v1743078759/4300052df349822d362f5ad93605315d.1000x1000x1_xxnons.jpg', '2025-03-28'),
('https://res.cloudinary.com/djsm3jfht/video/upload/v1743078788/1000COSAS_iu4vwl.mp3', '1000COSAS', '00:00:16', 'https://example.com/share/1000cosas', 'https://res.cloudinary.com/djsm3jfht/image/upload/v1743078759/4300052df349822d362f5ad93605315d.1000x1000x1_xxnons.jpg', '2025-03-28'),
('https://res.cloudinary.com/djsm3jfht/video/upload/v1743078788/SINAUTOTUNE_r791wl.mp3', 'SIN AUTOTUNE', '00:00:20', 'https://example.com/share/sinautotuone','https://res.cloudinary.com/djsm3jfht/image/upload/v1743078759/4300052df349822d362f5ad93605315d.1000x1000x1_xxnons.jpg', '2025-03-28'),
('https://res.cloudinary.com/djsm3jfht/video/upload/v1743078788/QSOMOS_mwxftx.mp3', 'Q SOMOS?', '00:00:24', '','https://res.cloudinary.com/djsm3jfht/image/upload/v1743078759/4300052df349822d362f5ad93605315d.1000x1000x1_xxnons.jpg', '2025-03-28'),
('https://res.cloudinary.com/djsm3jfht/video/upload/v1743078788/MICOLETA_dporvj.mp3', 'MI COLETA', '00:00:44', '','https://res.cloudinary.com/djsm3jfht/image/upload/v1743078759/4300052df349822d362f5ad93605315d.1000x1000x1_xxnons.jpg', '2025-03-28'),
('https://res.cloudinary.com/djsm3jfht/video/upload/v1743078788/PERREITPALLORAR_vbfnr1.mp3', 'PERREITO PA LLORAR', '00:00:20', '','https://res.cloudinary.com/djsm3jfht/image/upload/v1743078759/4300052df349822d362f5ad93605315d.1000x1000x1_xxnons.jpg', '2025-03-28'),
('https://res.cloudinary.com/djsm3jfht/video/upload/v1743078790/YOTELLEVO_rzynxg.mp3', 'YO TE LLEVO', '00:03:00', '','https://res.cloudinary.com/djsm3jfht/image/upload/v1743078759/4300052df349822d362f5ad93605315d.1000x1000x1_xxnons.jpg', '2025-03-28'),
('https://res.cloudinary.com/djsm3jfht/video/upload/v1743078787/LAREINAREMIX_avnnou.mp3', 'LA REINA REMIX', '00:00:19','','https://res.cloudinary.com/djsm3jfht/image/upload/v1743078759/4300052df349822d362f5ad93605315d.1000x1000x1_xxnons.jpg', '2025-03-28');

INSERT INTO Cancion (id_cancion, n_repros, letra) VALUES
(44, 0, 'Letra de MISSION005'),
(45, 0, 'Letra de 1000COSAS'),
(46, 0, 'Letra de SIN AUTOTUNE'),
(47, 0, 'Letra de Q SOMOS?'),
(48, 0, 'Letra de MI COLETA'),
(49, 0, 'Letra de PERREITO PA LLORAR'),
(50, 0, 'Letra de YO TE LLEVO'),
(51, 0, 'Letra de LA REINA REMIX');

INSERT INTO Generos (id_cancion, genero) VALUES
(44, 'Reguetón'),
(45, 'Reguetón'),
(46, 'Reguetón'),
(47, 'Reguetón'),
(48, 'Reguetón'),
(49, 'Reguetón'),
(50, 'Reguetón'),
(51, 'Reguetón');

INSERT INTO Idiomas_multimedia (id_cm, idioma) VALUES
(44, 'Español'),
(45, 'Español'),
(46, 'Español'),
(47, 'Español'),
(48, 'Español'),
(49, 'Español'),
(50, 'Español'),
(51, 'Español');

INSERT INTO Canciones_en_playlist (id_playlist, id_cancion) VALUES
(1, 44),
(1, 45),
(1, 46),
(1, 47),
(1, 48),
(1, 49),
(1, 50),
(1, 51),
(5, 44),
(5, 45),
(5, 46),
(5, 47),
(5, 48),
(5, 49),
(5, 50),
(5, 51);

INSERT INTO Artista_principal (nombre_artista, id_cancion) VALUES
('Lola Índigo', 44),
('Lola Índigo', 45),
('Lola Índigo', 46),
('Lola Índigo', 47),
('Lola Índigo', 48),
('Lola Índigo', 49),
('Lola Índigo', 50),
('Lola Índigo', 51);

INSERT INTO Featuring (nombre_artista, id_cancion) VALUES
('María Becerra', 51),
('Paulo Londra', 49),
('Rels B', 69),
('Quevedo', 67);

INSERT INTO Album (nombre_album, fecha_pub, link_imagen, link_compartir, es_disco) VALUES
('NAVE DRAGÓN', '2025-03-28', 'https://res.cloudinary.com/djsm3jfht/image/upload/v1743078759/4300052df349822d362f5ad93605315d.1000x1000x1_xxnons.jpg','',1);

INSERT INTO Artista_posee_albumes (nombre_artista, id_album) VALUES
('Lola Índigo', 13),
('Cruz Cafuné', 14),
('Cruz Cafuné', 15),
('Rels B', 15);


INSERT INTO Numero_cancion_en_album (id_album, id_cancion, numero_cancion) VALUES
(13, 44, 1),
(13, 45, 2),
(13, 46, 3),
(13, 11, 4),
(13, 47, 5),
(13, 48, 6),
(13, 15, 7),
(13, 49, 8),
(13, 50, 9),
(13, 51, 10);

INSERT INTO Canciones_en_playlist (id_playlist, id_cancion) VALUES
(10, 44),
(10, 45),
(10, 46),
(10, 47),
(10, 48),
(10, 49),
(10, 50),
(10, 51);

-- REYES DEL PALIQUE
INSERT INTO Podcast (id_podcast, nombre, link_imagen, link_compartir, descripcion) VALUES
(3, 'Reyes del Palique', 'https://res.cloudinary.com/djsm3jfht/image/upload/v1743423604/reyes_del_palique_edzim4.jpg', 'https://example.com/share/reyesdelpalique', 'Un podcast donde se discuten temas de actualidad y cultura pop con un toque de humor.');

INSERT INTO Creador (nombre_creador, link_imagen, link_compartir) VALUES
('Uy Albert y Fizpireta', 'https://res.cloudinary.com/djsm3jfht/image/upload/v1743423604/reyes_del_palique_edzim4.jpg', 'https://example.com/share/reyesdelpalique');

INSERT INTO Podcaster (nombre_podcaster) VALUES
('Uy Albert y Fizpireta');

INSERT INTO Tiene_podcast (nombre_podcaster, id_podcast) VALUES
('Uy Albert y Fizpireta', 3);

INSERT INTO Contenido_multimedia (link_cm, titulo, duracion, link_compartir, link_imagen, fecha_pub) VALUES
("https://res.cloudinary.com/djsm3jfht/video/upload/v1743423608/dan_bofwpk.mp3", "EXCLUSIVAS de última hora con Dan | Reyes del Palique", "00:00:06", "", "https://res.cloudinary.com/djsm3jfht/image/upload/v1743423604/reyes_del_palique_edzim4.jpg", "2025-03-31" ),
("https://res.cloudinary.com/djsm3jfht/video/upload/v1743423608/shannis_rgchzh.mp3", "Liarse solo con famosos: la nueva realidad de SHANNIS | Reyes del Palique", "00:00:14", "", "https://res.cloudinary.com/djsm3jfht/image/upload/v1743423604/reyes_del_palique_edzim4.jpg", "2025-04-01" ),
("https://res.cloudinary.com/djsm3jfht/video/upload/v1743423608/clerss_fvanhu.mp3", "La chica más MISTERIOSA de internet, Clersssss | Reyes del Palique", "00:00:06", "", "https://res.cloudinary.com/djsm3jfht/image/upload/v1743423604/reyes_del_palique_edzim4.jpg", "2025-04-02" );

INSERT INTO Episodio (id_ep, id_podcast, descripcion) VALUES
(52, 3, "En este episodio, Dan nos trae las últimas exclusivas del mundo del espectáculo."),
(53, 3, "Shannis comparte su experiencia de liarse solo con famosos y cómo ha cambiado su vida."),
(54, 3, "Clersssss revela los secretos detrás de su misteriosa presencia en internet.");

INSERT INTO Tematica_podcast (id_podcast, tematica) VALUES
(3, 'Cultura'),
(3, 'Comedia'),
(3, 'Sociedad');

INSERT INTO Idiomas_multimedia (id_cm, idioma) VALUES
(52, 'Español'),
(53, 'Español'),
(54, 'Español');

INSERT INTO Lista_reproduccion (nombre, es_publica, color, link_compartir) VALUES
('This is Uy Albert y Fizpireta', TRUE, '#000000', 'https://example.com/share/thisisuyalbertyfizpireta');

INSERT INTO Listas_del_usuario (nombre_usuario, id_lista) VALUES
('spongefy', 66);

INSERT INTO Lista_Episodios (id_lista_ep) VALUES
(66);

INSERT INTO Episodios_de_lista (id_lista_ep, id_ep, id_podcast) VALUES
(66, 52, 3),
(66, 53, 3),
(66, 54, 3);

INSERT INTO Listas_de_carpeta (id_carpeta, id_lista) VALUES
(4, 66);

-- CLUB DE LA CORCHEA
INSERT INTO Podcast (id_podcast, nombre, link_imagen, link_compartir, descripcion) VALUES
(4, 'Club de la Corchea', 'https://res.cloudinary.com/djsm3jfht/image/upload/v1743427387/club_de_la_corchea_xbfhzi.jpg', 'https://example.com/share/clubdelacorchea', 'Un podcast donde se exploran temas de música y cultura con un enfoque divertido.');

INSERT INTO Creador (nombre_creador, link_imagen, link_compartir) VALUES
('Javi y Dani', 'https://res.cloudinary.com/djsm3jfht/image/upload/v1743427387/club_de_la_corchea_xbfhzi.jpg', 'https://example.com/share/clubdelacorchea');

INSERT INTO Podcaster (nombre_podcaster) VALUES 
('Javi y Dani');

INSERT INTO Tiene_podcast (nombre_podcaster, id_podcast) VALUES 
('Javi y Dani', 4);

INSERT INTO Contenido_multimedia (link_cm, titulo, duracion, link_compartir, link_imagen, fecha_pub) VALUES
('https://res.cloudinary.com/djsm3jfht/video/upload/v1743427761/lola_indigo_g0aoxc.mp3', 'Lola índigo: "El pop ya no es un género" | Club de la Corchea', '00:02:43', '', 'https://res.cloudinary.com/djsm3jfht/image/upload/v1743427387/club_de_la_corchea_xbfhzi.jpg', '2025-03-31'),
('https://res.cloudinary.com/djsm3jfht/video/upload/v1743427758/quevedo_r9yd30.mp3', 'Quevedo "Saqué una canción y nadie la ha encontrado" | Club de la Corchea', '00:00:40', '', 'https://res.cloudinary.com/djsm3jfht/image/upload/v1743427387/club_de_la_corchea_xbfhzi.jpg', '2025-04-01'),
('https://res.cloudinary.com/djsm3jfht/video/upload/v1743427758/novedades_h9vhnb.mp3', 'Novedades Musicales 2 de abril 2025', '00:00:20', '', 'https://res.cloudinary.com/djsm3jfht/image/upload/v1743427387/club_de_la_corchea_xbfhzi.jpg', '2025-04-02');

INSERT INTO Episodio (id_ep, id_podcast, descripcion) VALUES 
(55, 4, 'En este episodio, Lola Índigo habla sobre su carrera y cómo ha evolucionado el pop en la música actual.'),
(56, 4, 'Quevedo comparte su experiencia de lanzar una canción y la dificultad de que sea encontrada por el público.'),
(57, 4, 'Un resumen de las novedades musicales más destacadas del día.');

INSERT INTO Tematica_podcast (id_podcast, tematica) VALUES 
(4, 'Música');

INSERT INTO Idiomas_multimedia (id_cm, idioma) VALUES
(55, 'Español'),
(56, 'Español'),
(57, 'Español');

INSERT INTO Lista_reproduccion (nombre, es_publica, color, link_compartir) VALUES
('This is Javi y Dani', TRUE, '#000000', 'https://example.com/share/thisisjaviydani');

INSERT INTO Listas_del_usuario (nombre_usuario, id_lista) VALUES
('spongefy', 67);

INSERT INTO Lista_Episodios (id_lista_ep) VALUES
(67);

INSERT INTO Episodios_de_lista (id_lista_ep, id_ep, id_podcast) VALUES 
(67, 55, 4),
(67, 56, 4),
(67, 57, 4);

INSERT INTO Listas_de_carpeta (id_carpeta, id_lista) VALUES
(4, 67);

-- CLUB 113
INSERT INTO Podcast (id_podcast, nombre, link_imagen, link_compartir, descripcion) VALUES 
(5, 'Club 113', 'https://res.cloudinary.com/djsm3jfht/image/upload/v1743428547/club113_wivim4.jpg', 'https://example.com/share/club113', 'Un podcast donde se discuten temas de actualidad y cultura pop con un toque de humor.');

INSERT INTO Creador (nombre_creador, link_imagen, link_compartir) VALUES
('Club 113', 'https://res.cloudinary.com/djsm3jfht/image/upload/v1743428547/club113_wivim4.jpg', 'https://example.com/share/club113');

INSERT INTO Podcaster (nombre_podcaster) VALUES 
('Club 113');

INSERT INTO Tiene_podcast (nombre_podcaster, id_podcast) VALUES  
('Club 113', 5);

INSERT INTO Contenido_multimedia (link_cm, titulo, duracion, link_compartir, link_imagen, fecha_pub) VALUES
('https://res.cloudinary.com/djsm3jfht/video/upload/v1743428786/belen_esteban_msjxtx.mp3', 'CLUB 113 feat. BELÉN ESTEBAN' , '00:01:29', '', 'https://res.cloudinary.com/djsm3jfht/image/upload/v1743428547/club113_wivim4.jpg', '2025-03-31' ),
('https://res.cloudinary.com/djsm3jfht/video/upload/v1743428785/ciborg_buersn.mp3', 'Cyborgs humanos' , '00:00:55', '', 'https://res.cloudinary.com/djsm3jfht/image/upload/v1743428547/club113_wivim4.jpg', '2025-04-01' ),
('https://res.cloudinary.com/djsm3jfht/video/upload/v1743428784/sech_di1oww.mp3', 'CLUB 113 feat. Sech' , '00:00:45', '', 'https://res.cloudinary.com/djsm3jfht/image/upload/v1743428547/club113_wivim4.jpg', '2025-04-02' );

INSERT INTO Episodio (id_ep, id_podcast, descripcion) VALUES  
(58, 5, 'En este episodio, Belén Esteban se une al Club 113 para hablar sobre su carrera y su vida personal.'),
(59, 5, 'Una discusión sobre la posibilidad de que los humanos se conviertan en cyborgs en el futuro.'),
(60, 5, 'Sech comparte su experiencia en la industria musical y su carrera.');

INSERT INTO Tematica_podcast (id_podcast, tematica) VALUES  
(5, 'Cultura');

INSERT INTO Idiomas_multimedia (id_cm, idioma) VALUES 
(58, 'Español'),
(59, 'Español'),
(60, 'Español');

INSERT INTO Lista_reproduccion (nombre, es_publica, color, link_compartir) VALUES 
('This is Club 113', TRUE, '#000000', 'https://example.com/share/thisisclub113');

INSERT INTO Listas_del_usuario (nombre_usuario, id_lista) VALUES 
('spongefy', 68);

INSERT INTO Lista_Episodios (id_lista_ep) VALUES    
(68);

INSERT INTO Episodios_de_lista (id_lista_ep, id_ep, id_podcast) VALUES 
(68, 58, 5),
(68, 59, 5),
(68, 60, 5);

INSERT INTO Listas_de_carpeta (id_carpeta, id_lista) VALUES
(4, 68);

UPDATE Cancion
SET letra = 'Bellaquita  
Bellaquita  
Eh, ey, yo, es Ousi  
Yeah-yeah  
Dei V, Underwater (bellaquita)  
  
Me diste follow y te di followback  
Me diste like y yo te di dos pa''atrá  
Toma, al otro día me pusiste en los close friends  
Eso es lo que tú quieres, ma  
  
Voy pa''l DM, de espalda, de lao o de frente  
En toas las fotito'' se ve bien  
Mami, te lo doy ahora y después también  
Subió una story cerca, toy que le llego a pie, eh  
  
Oh, ma, yo quiero que tú seas mi loba'
WHERE id_cancion = 2;

UPDATE Cancion
SET letra = 'Me queda bien cuando me mienten
Me queda bien ser el de siempre
Me queda bien to'' lo que inventen, yeah
Me queda bien

Me queda bien cuando me mienten
Me queda bien ser el de siempre
Me queda bien to'' lo que inventen
Me queda bien, yeah, yeah, yeah

Mami, dale, agarrame la'' mano'', sentir el calor que como tos'' nos miran
Que si al menos vos estás a mi lado se me hace más fácil afronta'' esa vida
Estos blancos ahora quieren matarnos porque no toleran vernos tan arriba
Yo fronteando, contando lo que vivo sin tener que poner contar mentiras, eh, yeh

Y ahora vivo en la mansión
A pocas cuadras de mi avenida
Casi que la veo desde el balcón
Mientras estoy quemando porquería

¿Que quién me creo que soy? El mejor, al menos en estos días
Cada liga tiene su Jordan y es obvio que yo soy el de la mía

Yo no tengo seriedad, niño lombardo simpatía
Liga Italia, serie A, Niño Icardi, buena vida'
WHERE id_cancion = 4;

UPDATE Cancion
SET letra = 'Yo soy Lola Bunny, be my Bugs, Bugs Bunny
A ti te gusta el party, tú Clyde y yo Bonnie
Yo soy Lola Bunny, be my Bugs, Bugs Bunny
A ti te gusta el party, tú Clyde y yo Bonnie

Lola Indigo (Epa)
Don Patricio, mami
Mm-mh, yeah, shhh
¿Qué fue, eh?

Con ese flow tan suavecito
Me vacilaste, ya te conozco un poquito
Tú eres un Locoplaya bajo el solecito (Oye)
Ahora es de noche, tienes que hablarme bajito
Tate tranquilito, que yo no te miento
No estoy pega'', yo soy el p*to pegamento
Aún queda mucho pa''l final de mi concierto (Uoh uoh)
Relaja, coge asiento (Uoh uoh)

Yo soy Lola Bunny, be my Bugs, Bugs Bunny
A ti te gusta el party, tú Clyde y yo Bonnie
Yo soy Lola Bunny, be my Bugs, Bugs Bunny
A ti te gusta el party, tú Clyde y yo Bonnie

Ya no salgo casi, estoy jodiendo con la Loli
Me verás bailando el boogie-boogie bajo el sunny
Yo no canto bien, pero me sobra el autotune y
Cuando paso todos dicen «Don Patricio», mami

Y aunque puse a casi todas mirando a Miami
Yo, que tuve casi todo, prefiero tu party
Solo me llena esta mierda porque estás conmigo
Cuando no sienta nada, me retiro y cojo el money

Esa noche fuimo'' a vacilar con to'' la tropa
Dice que lo tengo todo cuando se coloca
Mami, no te hagas que yo sé que estás loca
Cuando miras pa'' acá se te nota

Yo soy Lola Bunny, be my Bugs, Bugs Bunny
A ti te gusta el party, tú Clyde y yo Bonnie
Yo soy Lola Bunny, be my Bugs, Bugs Bunny
A ti te gusta el party, tú Clyde y yo Bonnie

Yo soy Lola Bunny, be my Bugs, Bugs Bunny
A ti te gusta el party, tú Clyde y yo Bonnie
Yo soy Lola Bunny, be my Bugs, Bugs Bunny
A ti te gusta el party, tú Clyde y yo Bonnie

Y a mí me gustan los flaquitos
A cualquier cosa que me pida yo le invito
¿Quieres un pase? Baby, yo a ti te lo acredito
Estás nervioso, no te me pongas rojito
Te hago un bailecito, hey

Papi, rómpetelo

Yo soy Lola Bunny, be my Bugs, Bugs Bunny
A ti te gusta el party, tú Clyde y yo Bonnie
Yo soy Lola Bunny, be my Bugs, Bugs Bunny
A ti te gusta el party, tú Clyde y yo Bonnie

Yo soy Lola Bunny, be my Bugs, Bugs Bunny
A ti te gusta el party, tú Clyde y yo Bonnie
Yo soy Lola Bunny, be my Bugs, Bugs Bunny
A ti te gusta el party, tú Clyde y yo Bonnie'
WHERE id_cancion = 23;

INSERT INTO Artista_principal (nombre_artista, id_cancion) VALUES
('Cruz Cafuné', 62),
('Cruz Cafuné', 63),
('Cruz Cafuné', 67),
('Cruz Cafuné', 69);
 
